{"cameraMode":{"drawMode":0,"name":"Shaded","section":"Shading Mode"},"sceneLighting":true,"audioPlay":false,"sceneViewState":{"m_AlwaysRefresh":false,"showFog":true,"showSkybox":true,"showFlares":true,"showImageEffects":true,"showParticleSystems":true,"showVisualEffectGraphs":true,"m_FxEnabled":true},"in2DMode":false,"pivot":{"x":0.03465898707509041,"y":0.35021305084228518,"z":-0.2845035195350647},"rotation":{"x":-0.7110896706581116,"y":-0.0026677423156797888,"z":0.0027232610154896976,"w":-0.7031807899475098},"size":0.5660253763198853,"orthographic":false}