{"cameraMode":{"drawMode":0,"name":"Shaded","section":"Shading Mode"},"sceneLighting":true,"audioPlay":false,"sceneViewState":{"m_AlwaysRefresh":false,"showFog":true,"showSkybox":true,"showFlares":true,"showImageEffects":true,"showParticleSystems":true,"showVisualEffectGraphs":true,"m_FxEnabled":true},"in2DMode":false,"pivot":{"x":-0.21186205744743348,"y":-4.433457851409912,"z":3.5006723403930666},"rotation":{"x":0.4046860933303833,"y":-0.02160262130200863,"z":0.009579485282301903,"w":0.9145727753639221},"size":3.1778712272644045,"orthographic":false}