{"cameraMode":{"drawMode":0,"name":"Shaded","section":"Shading Mode"},"sceneLighting":true,"audioPlay":false,"sceneViewState":{"m_AlwaysRefresh":false,"showFog":true,"showSkybox":true,"showFlares":true,"showImageEffects":true,"showParticleSystems":true,"showVisualEffectGraphs":true,"m_FxEnabled":true},"in2DMode":false,"pivot":{"x":2.1489553451538088,"y":-3.9468321800231935,"z":8.24399471282959},"rotation":{"x":0.21947313845157624,"y":0.05893715098500252,"z":-0.013164476491510868,"w":0.9741604328155518},"size":5.277872085571289,"orthographic":false}