{"cameraMode":{"drawMode":0,"name":"Shaded","section":"Shading Mode"},"sceneLighting":true,"audioPlay":false,"sceneViewState":{"m_AlwaysRefresh":false,"showFog":true,"showSkybox":true,"showFlares":true,"showImageEffects":true,"showParticleSystems":true,"showVisualEffectGraphs":true,"m_FxEnabled":true},"in2DMode":false,"pivot":{"x":0.4797731637954712,"y":0.8631617426872253,"z":1.6711475849151612},"rotation":{"x":0.03833115100860596,"y":-0.09660237282514572,"z":-0.003643633099272847,"w":-0.9946652054786682},"size":2.298738479614258,"orthographic":false}