{"cameraMode":{"drawMode":0,"name":"Shaded","section":"Shading Mode"},"sceneLighting":true,"audioPlay":false,"sceneViewState":{"m_AlwaysRefresh":false,"showFog":true,"showSkybox":true,"showFlares":true,"showImageEffects":true,"showParticleSystems":true,"showVisualEffectGraphs":true,"m_FxEnabled":true},"in2DMode":false,"pivot":{"x":-2.4802463054656984,"y":-0.44677674770355227,"z":-0.21324679255485536},"rotation":{"x":0.08540771901607514,"y":-0.7391851544380188,"z":0.09569483995437622,"w":0.6615921258926392},"size":2.4568729400634767,"orthographic":false}