{"cameraMode":{"drawMode":0,"name":"Shaded","section":"Shading Mode"},"sceneLighting":true,"audioPlay":false,"sceneViewState":{"m_AlwaysRefresh":false,"showFog":true,"showSkybox":true,"showFlares":true,"showImageEffects":true,"showParticleSystems":true,"showVisualEffectGraphs":true,"m_FxEnabled":true},"in2DMode":false,"pivot":{"x":-0.04910377413034439,"y":-0.18789291381835938,"z":-0.2205442190170288},"rotation":{"x":-0.22095800936222077,"y":0.054293807595968249,"z":-0.012210001237690449,"w":-0.9739596247673035},"size":0.6524652242660523,"orthographic":false}