{"cameraMode":{"drawMode":0,"name":"Shaded","section":"Shading Mode"},"sceneLighting":true,"audioPlay":false,"sceneViewState":{"m_AlwaysRefresh":false,"showFog":true,"showSkybox":true,"showFlares":true,"showImageEffects":true,"showParticleSystems":true,"showVisualEffectGraphs":true,"m_FxEnabled":true},"in2DMode":false,"pivot":{"x":-0.018000006675720216,"y":-0.16500000655651093,"z":-0.4179999828338623},"rotation":{"x":0.06141664832830429,"y":0.03922155126929283,"z":0.002419248456135392,"w":-0.9973725080490112},"size":0.05244044214487076,"orthographic":false}